FID,NAME,HH,pop,hhsize,sexratio,p0_14,p15_64,p65u,curborn,forborn,firstgen,secgen,thirdgen,leave,stay,meanHHinc,GFR,unemploy,partrate,airpolut,badcond,nvrmarr,married,divorced,consuni,area,popdens,CreationDate,Creator,EditDate,Editor,x,y
1,PARADIJS BIJ HEL,23,59,2.6,0,0,0,0,0,0,0,0,0,0,0,0,0,0,0,17.4,0,32.7,46.9,8.2,4.1,0.136,433.823505835448,"februari 11, 2016",menno_ter_bals,"februari 11, 2016",menno_ter_bals,,
2,ABRAHAMSZ,220,573,2.5,85,0.162,0.651,0.187,0.713,0.287,0.287,0.222,0.49,0.023,0.59,7556,33,4.4,60.3,3.3,0.8,28.8,43.4,7.3,10,0.307,1866.44944327419,"februari 11, 2016",menno_ter_bals,"februari 11, 2016",menno_ter_bals,,
3,PARASASA,78,171,2.2,82,0.164,0.655,0.181,0.52,0.48,0.48,0.175,0.345,0.099,0.667,8522,0,0,0,70.5,5.1,23.2,46.5,4.9,12.7,0.36,474.999981125197,"februari 11, 2016",menno_ter_bals,"februari 11, 2016",menno_ter_bals,,
4,MARIA MAAI,245,676,2.5,78,0.195,0.612,0.192,0.768,0.232,0.232,0.192,0.576,0.032,0.669,4637,67,9,58.8,4.5,4.5,42.6,34.2,7.9,7.1,0.452,1495.57524727192,"februari 11, 2016",menno_ter_bals,"februari 11, 2016",menno_ter_bals,,
5,PARERA,22,56,2.5,0,0,0,0,0,0,0,0,0,0,0,0,0,0,0,22.7,4.5,25.5,51.1,8.5,4.3,0.326,171.779138466067,"februari 11, 2016",menno_ter_bals,"februari 11, 2016",menno_ter_bals,,
6,AMSTERDAM BIJ STA. ROSA,136,383,2.8,82,0.214,0.721,0.065,0.825,0.175,0.177,0.185,0.639,0.041,0.659,7081,78,7.1,65.4,8.8,2.2,36.4,42.4,3.4,11.8,2.094,182.903525076589,"februari 11, 2016",menno_ter_bals,"februari 11, 2016",menno_ter_bals,,
7,PIETERMAAI,44,99,1.8,0,0,0,0,0,0,0,0,0,0,0,0,0,0,0,11.9,11.4,34.1,35.2,2.3,5.7,0.182,543.956055001006,"februari 11, 2016",menno_ter_bals,"februari 11, 2016",menno_ter_bals,,
8,ARRARATWIJK,11,19,1.7,0,0,0,0,0,0,0,0,0,0,0,0,0,0,0,9.1,18.2,27.8,44.4,5.6,11.1,0.719,26.4255917647104,"februari 11, 2016",menno_ter_bals,"februari 11, 2016",menno_ter_bals,,
9,PISCADERA BERDE,72,346,2.7,92,0.13,0.494,0.376,0.675,0.325,0.35,0.158,0.492,0.045,0.823,8593,0,0.9,71.8,59.7,0,36.2,36.5,14,7.8,0.709,488.01128940569,"februari 11, 2016",menno_ter_bals,"februari 11, 2016",menno_ter_bals,,
10,BAAI MACOLA,34,74,2.2,0,0,0,0,0,0,0,0,0,0,0,0,0,0,0,14.7,14.7,34.8,42.4,4.5,1.5,0.439,168.564916245293,"februari 11, 2016",menno_ter_bals,"februari 11, 2016",menno_ter_bals,,
11,WACAO (geozone),40,107,2.7,98,0.187,0.664,0.15,0.841,0.159,0.159,0.075,0.766,0,0.821,4695,0,0,0,0,0,44.7,32.9,9.4,8.2,2.422,44.1783662400857,"februari 11, 2016",menno_ter_bals,"februari 11, 2016",menno_ter_bals,,
12,PLANTERSRUST,50,135,2.7,73,0.178,0.652,0.17,0.659,0.341,0.341,0.163,0.496,0.008,0.785,6375,0,0,0,66,6,39.4,33.9,8.3,11,0.11,1227.27273392283,"februari 11, 2016",menno_ter_bals,"februari 11, 2016",menno_ter_bals,,
13,POPO,136,358,2.6,86,0.226,0.701,0.073,0.64,0.36,0.36,0.204,0.436,0.043,0.647,5033,0,10.2,74.4,6.6,4.5,26.5,46.3,3.7,12.3,0.558,641.577028584699,"februari 11, 2016",menno_ter_bals,"februari 11, 2016",menno_ter_bals,,
14,BARBOUQUET,356,998,2.7,80,0.152,0.658,0.189,0.801,0.199,0.199,0.189,0.612,0.025,0.737,5015,41,8.7,59.6,5.9,6.6,40.4,39.7,7.6,7.3,0.578,1726.64357155151,"februari 11, 2016",menno_ter_bals,"februari 11, 2016",menno_ter_bals,,
15,POS CABAI,61,138,2.3,70,0.225,0.529,0.246,0.536,0.464,0.464,0.239,0.297,0.124,0.587,10351,0,0,0,4.9,1.6,20.4,55.3,9.7,2.9,0.402,343.283573538563,"februari 11, 2016",menno_ter_bals,"februari 11, 2016",menno_ter_bals,,
16,BARICA,218,599,2.7,88,0.175,0.666,0.159,0.808,0.192,0.192,0.141,0.667,0.039,0.669,5216,46,8,58.1,9.2,7.8,37.9,36.5,7.5,9.4,0.325,1843.07699068058,"februari 11, 2016",menno_ter_bals,"februari 11, 2016",menno_ter_bals,,
17,ARRARAT,40,98,2.5,0,0,0,0,0,0,0,0,0,0,0,0,0,0,0,15.4,20,42.5,28.8,10,10,0.022,4454.54547868287,"februari 11, 2016",menno_ter_bals,"februari 11, 2016",menno_ter_bals,,
18,PRETU BIJ DE SAVAAN,18,44,2.4,0,0,0,0,0,0,0,0,0,0,0,0,0,0,0,50,0,38.9,36.1,8.3,11.1,0.061,721.311467304502,"februari 11, 2016",menno_ter_bals,"februari 11, 2016",menno_ter_bals,,
19,BUENA VISTA,1455,3892,2.7,81,0.188,0.643,0.169,0.738,0.262,0.262,0.178,0.56,0.027,0.675,3814,46,13.1,57.6,26.5,11.6,41.5,34.1,7,10.4,1.475,2638.64402514564,"februari 11, 2016",menno_ter_bals,"februari 11, 2016",menno_ter_bals,,
20,SUFFISANT,684,1838,2.7,81,0.175,0.631,0.194,0.707,0.293,0.294,0.263,0.443,0.03,0.603,4180,61,8.5,55.9,8.7,3.4,38.6,34.1,9.6,8.4,0.702,2618.23353642497,"februari 11, 2016",menno_ter_bals,"februari 11, 2016",menno_ter_bals,,
21,BEN HOYER,69,177,2.6,72,0.147,0.627,0.226,0.726,0.274,0.274,0.28,0.446,0,0.982,4361,0,0,0,4.4,5.9,39,30.1,12.3,11,0.041,4317.07305148696,"februari 11, 2016",menno_ter_bals,"februari 11, 2016",menno_ter_bals,,
22,RANCHO,27,57,2.1,0,0,0,0,0,0,0,0,0,0,0,0,0,0,0,14.8,12,42.2,11.1,6.7,31.1,0.139,410.071946666278,"februari 11, 2016",menno_ter_bals,"februari 11, 2016",menno_ter_bals,,
23,BEURS,97,247,2.5,86,0.198,0.7,0.101,0.741,0.259,0.26,0.187,0.553,0.049,0.604,5844,0,10.2,69.2,8.2,3.1,33.8,39.5,2.6,11.8,0.103,2398.05824965174,"februari 11, 2016",menno_ter_bals,"februari 11, 2016",menno_ter_bals,,
24,SERU OTROBANDA,121,385,2.2,78,0.109,0.636,0.255,0.668,0.332,0.338,0.166,0.496,0.016,0.678,3127,0,9.2,61.6,26.4,18.1,47.1,25,12.4,7.6,0.143,2692.30756662173,"februari 11, 2016",menno_ter_bals,"februari 11, 2016",menno_ter_bals,,
25,BIESHEUVEL,25,65,2.6,0,0,0,0,0,0,0,0,0,0,0,0,0,0,0,4,4,22.9,47.9,12.5,8.3,0.091,714.2857287892,"februari 11, 2016",menno_ter_bals,"februari 11, 2016",menno_ter_bals,,
26,RONDE KLIP,167,441,2.6,89,0.206,0.694,0.1,0.777,0.223,0.223,0.137,0.64,0.007,0.586,4329,34,8.3,62,26.5,4.2,38.3,37.1,4.1,12.3,1.017,433.628335662427,"februari 11, 2016",menno_ter_bals,"februari 11, 2016",menno_ter_bals,,
27,RONDE KLIP ZUID,140,379,2.7,87,0.203,0.71,0.087,0.821,0.179,0.179,0.136,0.684,0.025,0.542,4132,47,7.4,62.9,16.4,12.9,41,35.8,5.2,12.8,0.502,754.980118406651,"februari 11, 2016",menno_ter_bals,"februari 11, 2016",menno_ter_bals,,
28,BIJGELEGEN,101,232,2.3,73,0.19,0.664,0.147,0.784,0.216,0.216,0.224,0.56,0.04,0.724,6133,0,6.6,64.4,5.9,0,37.4,34.6,6.6,11.5,0.144,1611.1111804659,"februari 11, 2016",menno_ter_bals,"februari 11, 2016",menno_ter_bals,,
29,BIVAK,169,427,2.5,79,0.166,0.707,0.126,0.646,0.354,0.354,0.2,0.446,0.024,0.688,4369,9,12.8,63.5,61.2,13.9,42.5,31.3,5.7,14.9,0.318,1342.76734291387,"februari 11, 2016",menno_ter_bals,"februari 11, 2016",menno_ter_bals,,
30,ROOI CATOCHI,113,319,2.8,81,0.176,0.677,0.147,0.473,0.527,0.527,0.292,0.181,0.071,0.48,13487,0,2.7,69.6,5.3,0,21.6,58.4,10.2,4.3,0.361,883.656506193682,"februari 11, 2016",menno_ter_bals,"februari 11, 2016",menno_ter_bals,,
31,BLAUW (Curasol),351,1006,2.9,88,0.214,0.733,0.054,0.697,0.303,0.303,0.196,0.5,0.098,0.539,9221,46,3.4,66.1,54,1.7,34.3,49.4,1.4,9.3,2.329,431.945041497527,"februari 11, 2016",menno_ter_bals,"februari 11, 2016",menno_ter_bals,,
32,GROOT KWARTIER,510,1530,2.6,79,0.16,0.676,0.163,0.726,0.274,0.275,0.217,0.507,0.029,0.6,4630,27,11.2,60.6,10,7.3,46.4,32.7,6.1,7.5,1.002,1526.9461470236,"februari 11, 2016",menno_ter_bals,"februari 11, 2016",menno_ter_bals,,
33,BLEEFAMIA,24,63,2.6,0,0,0,0,0,0,0,0,0,0,0,0,0,0,0,0,4.2,34.7,46.9,4.1,2,0.036,1750.00007533365,"februari 11, 2016",menno_ter_bals,"februari 11, 2016",menno_ter_bals,,
34,ROOI SANTU,478,1221,2.6,90,0.199,0.7,0.101,0.811,0.189,0.189,0.164,0.647,0.022,0.637,4585,33,11.6,64.2,6.7,7.4,42.2,34.9,4.3,11.1,1.991,613.259651177223,"februari 11, 2016",menno_ter_bals,"februari 11, 2016",menno_ter_bals,,
35,BLOEMFONTEIN,52,125,2.4,95,0.168,0.688,0.144,0.61,0.39,0.39,0.268,0.341,0.008,0.733,5345,0,0,0,11.5,5.8,26.7,49.5,5.9,5,0.124,1008.06453260404,"februari 11, 2016",menno_ter_bals,"februari 11, 2016",menno_ter_bals,,
36,ROOSENDAAL,184,474,2.6,80,0.213,0.656,0.131,0.752,0.248,0.248,0.222,0.53,0.031,0.743,3444,66,12.7,63.3,75.6,7.7,41.9,30.6,6.2,11.5,0.346,1369.94225222706,"februari 11, 2016",menno_ter_bals,"februari 11, 2016",menno_ter_bals,,
37,BLOMONTE,28,70,2.5,0,0,0,0,0,0,0,0,0,0,0,0,0,0,0,7.4,3.7,39.3,32.8,9.8,11.5,0.045,1555.55549374333,"februari 11, 2016",menno_ter_bals,"februari 11, 2016",menno_ter_bals,,
38,ROZENBURG,30,76,2.5,0,0,0,0,0,0,0,0,0,0,0,0,0,0,0,10.3,3.3,28.8,42.4,6.8,18.6,0.062,1225.80647164651,"februari 11, 2016",menno_ter_bals,"februari 11, 2016",menno_ter_bals,,
39,BOCA SAMI,384,1108,2.9,80,0.181,0.662,0.157,0.882,0.118,0.118,0.07,0.812,0.033,0.66,4105,42,15.4,52.1,22.9,3.7,46.1,31.5,6.9,9.2,0.665,1666.16535977138,"februari 11, 2016",menno_ter_bals,"februari 11, 2016",menno_ter_bals,,
40,BRIEVENGAT,1343,3729,2.8,74,0.195,0.616,0.189,0.843,0.157,0.157,0.188,0.654,0.027,0.686,3790,33,13.5,52.7,10.6,3.2,45,29.1,7.9,8.1,0.901,4138.73463404204,"februari 11, 2016",menno_ter_bals,"februari 11, 2016",menno_ter_bals,,
41,BONAM,318,915,2.9,80,0.201,0.677,0.122,0.824,0.176,0.176,0.16,0.664,0.036,0.679,4829,46,9.7,60.5,14.2,10.3,42.4,34.1,7.3,9.3,0.727,1258.59697716724,"februari 11, 2016",menno_ter_bals,"februari 11, 2016",menno_ter_bals,,
42,RUST EN VREDE BIJ TUCACAS,51,152,3,97,0.329,0.651,0.02,0.722,0.278,0.278,0.291,0.43,0.233,0.425,10467,0,0,0,2,3.9,22.4,51,1,16.3,0.078,1948.71790851127,"februari 11, 2016",menno_ter_bals,"februari 11, 2016",menno_ter_bals,,
43,BOTTELIER,392,913,2.3,88,0.136,0.708,0.157,0.568,0.432,0.434,0.269,0.297,0.052,0.644,7467,20,3.8,63.1,11.1,2,28.2,47.4,4.7,11.1,0.965,946.11401535008,"februari 11, 2016",menno_ter_bals,"februari 11, 2016",menno_ter_bals,,
44,SABANA HUNDU,64,196,3.1,83,0.245,0.653,0.102,0.851,0.149,0.149,0.088,0.763,0.031,0.477,3439,0,0,0,15.9,8.2,42.7,24.5,7,11.2,0.281,697.508925795926,"februari 11, 2016",menno_ter_bals,"februari 11, 2016",menno_ter_bals,,
45,BRAKKEPUT,176,387,2.2,81,0.24,0.716,0.044,0.713,0.287,0.288,0.199,0.513,0.024,0.693,6865,72,3.2,85,2.8,2.3,33,33.7,2.4,21.3,0.8,483.749992791563,"februari 11, 2016",menno_ter_bals,"februari 11, 2016",menno_ter_bals,,
46,SALIÑA ABOU,297,779,2.6,78,0.173,0.719,0.108,0.685,0.315,0.316,0.251,0.433,0.048,0.643,7789,29,3.9,63.2,7.7,1.4,35,44.9,3.9,8.5,0.456,1708.33333244014,"februari 11, 2016",menno_ter_bals,"februari 11, 2016",menno_ter_bals,,
47,BRAKKEPUT ABOU,175,425,2.4,95,0.231,0.678,0.092,0.538,0.462,0.463,0.219,0.318,0.064,0.587,10965,51,3.3,74,2.9,1.7,20.8,54.4,1.9,16.4,1.778,239.032621307018,"februari 11, 2016",menno_ter_bals,"februari 11, 2016",menno_ter_bals,,
48,SALIÑA ARIBA,69,178,2.6,98,0.129,0.685,0.185,0.579,0.421,0.424,0.249,0.328,0.018,0.651,8236,0,0,0,10.1,4.4,30.9,43.4,7.2,12.5,0.192,927.083325274806,"februari 11, 2016",menno_ter_bals,"februari 11, 2016",menno_ter_bals,,
49,BRAKKEPUT ARIBA,62,187,2.3,104,0.273,0.604,0.123,0.57,0.43,0.432,0.205,0.362,0.022,0.436,9864,0,0,0,0,3.4,24.6,52.5,7.4,9.8,0.833,224.489794761818,"februari 11, 2016",menno_ter_bals,"februari 11, 2016",menno_ter_bals,,
50,SALSBACH,37,124,3.4,94,0.234,0.669,0.097,0.839,0.161,0.161,0.194,0.645,0.04,0.516,3895,0,0,0,21.6,10.8,41.1,27.8,4.4,12.2,0.113,1097.34515184448,"februari 11, 2016",menno_ter_bals,"februari 11, 2016",menno_ter_bals,,
51,SAMI LIBER,90,235,2.6,94,0.149,0.749,0.102,0.94,0.06,0.06,0.055,0.885,0.009,0.9,3838,0,21,59.5,10,7.8,50.3,26.2,3.6,15.4,2.466,95.2960228572445,"februari 11, 2016",menno_ter_bals,"februari 11, 2016",menno_ter_bals,,
52,BRAKKEPUT MEI MEI,3,4,1.3,0,0,0,0,0,0,0,0,0,0,0,0,0,0,0,0,0,0,0,0,0,0.263,15.2091248134805,"februari 11, 2016",menno_ter_bals,"februari 11, 2016",menno_ter_bals,,
53,BURUNDANGA,26,57,2.2,0,0,0,0,0,0,0,0,0,0,0,0,0,0,0,11.5,0,24.5,61.2,4.1,6.1,0.054,1055.55552817544,"februari 11, 2016",menno_ter_bals,"februari 11, 2016",menno_ter_bals,,
54,SAN DOMINGO BIJ RIO CANARIO,76,185,2.4,73,0.119,0.686,0.195,0.76,0.24,0.24,0.279,0.481,0.035,0.659,5392,0,0,0,6.6,2.7,28.4,46.5,7.7,7.7,0.133,1390.9774298948,"februari 11, 2016",menno_ter_bals,"februari 11, 2016",menno_ter_bals,,
55,GASPARITU (Rosendaal),3,7,2.3,0,0,0,0,0,0,0,0,0,0,0,0,0,0,0,100,0,0,0,0,0,0.551,12.7041742506636,"februari 11, 2016",menno_ter_bals,"februari 11, 2016",menno_ter_bals,,
56,CABO VERDE,265,784,3,81,0.162,0.75,0.088,0.786,0.214,0.215,0.19,0.595,0.022,0.609,6645,31,6.7,61,9.4,1.9,33.8,48.8,3.3,6.7,0.244,3213.11471799278,"februari 11, 2016",menno_ter_bals,"februari 11, 2016",menno_ter_bals,,
57,SANTA BARBARA,19,46,2.4,0,0,0,0,0,0,0,0,0,0,0,0,0,0,0,0,0,13.2,73.7,5.3,0,1.277,36.0219277888534,"februari 11, 2016",menno_ter_bals,"februari 11, 2016",menno_ter_bals,,
58,CAS CORA,188,467,2.5,82,0.201,0.615,0.184,0.648,0.352,0.352,0.289,0.359,0.076,0.63,7123,37,4.2,56.8,6.4,1.6,27.3,46.4,8.8,7.5,0.847,551.357731313522,"februari 11, 2016",menno_ter_bals,"februari 11, 2016",menno_ter_bals,,
59,SAVAAN JUAN ANTONIE (Juanota),19,45,2.4,0,0,0,0,0,0,0,0,0,0,0,0,0,0,0,47.4,36.8,45.7,31.4,2.9,17.1,0.027,1666.6666234349,"februari 11, 2016",menno_ter_bals,"februari 11, 2016",menno_ter_bals,,
60,CAS GRANDI,355,952,2.7,88,0.187,0.732,0.081,0.683,0.317,0.318,0.245,0.437,0.036,0.605,8815,39,6,68.5,7,1.7,33.8,45.7,3.4,8.3,1.374,692.86756359369,"februari 11, 2016",menno_ter_bals,"februari 11, 2016",menno_ter_bals,,
61,ZWAAN,23,34,1.5,0,0,0,0,0,0,0,0,0,0,0,0,0,0,0,4.3,95.7,34.4,31.3,6.3,25,0.031,1096.7742114732,"februari 11, 2016",menno_ter_bals,"februari 11, 2016",menno_ter_bals,,
62,CHANGO BIJ GROOT KWARTIER,45,109,2.4,95,0.165,0.697,0.138,0.661,0.339,0.343,0.269,0.389,0.01,0.619,7615,0,0,0,15.6,0,31.1,46.7,6.7,8.9,0.061,1786.88522582252,"februari 11, 2016",menno_ter_bals,"februari 11, 2016",menno_ter_bals,,
63,SCHELPWIJK,382,966,2.5,78,0.151,0.678,0.171,0.74,0.26,0.261,0.282,0.457,0.069,0.728,7945,42,5.5,63.7,9.2,0.5,27.6,51.1,6.2,6.1,4.295,224.912685178236,"februari 11, 2016",menno_ter_bals,"februari 11, 2016",menno_ter_bals,,
64,CHANGO BIJ KORPORAAL,27,55,2,0,0,0,0,0,0,0,0,0,0,0,0,0,0,0,11.1,0,38.3,38.3,12.8,0,0.046,1195.65217158914,"februari 11, 2016",menno_ter_bals,"februari 11, 2016",menno_ter_bals,,
65,SCHERPENHEUVEL,176,488,2.7,86,0.193,0.684,0.123,0.762,0.238,0.239,0.101,0.66,0.032,0.648,5393,42,8.4,63.9,8,10.4,41.6,35.3,6.5,11.3,1.393,350.323042111516,"februari 11, 2016",menno_ter_bals,"februari 11, 2016",menno_ter_bals,,
66,CHARO,491,1295,2.6,80,0.172,0.67,0.158,0.801,0.199,0.2,0.163,0.637,0.032,0.615,4732,43,10.9,57.6,48.7,11.3,43.7,28.2,7.5,12.8,0.7,1850.00003150531,"februari 11, 2016",menno_ter_bals,"februari 11, 2016",menno_ter_bals,,
67,CHER ASILE,306,747,2.4,80,0.194,0.632,0.174,0.71,0.29,0.291,0.273,0.436,0.083,0.613,3429,45,10.7,57.5,7.2,8.2,46,27.9,7.4,10.1,0.186,4016.12893702088,"februari 11, 2016",menno_ter_bals,"februari 11, 2016",menno_ter_bals,,
68,SELINDA,57,147,2.6,110,0.231,0.667,0.102,0.804,0.196,0.199,0.184,0.617,0.036,0.723,4129,0,0,0,22.8,3.5,38.3,36.4,3.7,12.1,0.079,1860.75940803159,"februari 11, 2016",menno_ter_bals,"februari 11, 2016",menno_ter_bals,,
69,SEMIKOK,137,371,2.7,79,0.232,0.682,0.086,0.677,0.323,0.325,0.211,0.463,0.069,0.634,7383,0,8.9,71.2,7.3,5.2,31.1,53.2,2.9,7.1,0.206,1800.97087170202,"februari 11, 2016",menno_ter_bals,"februari 11, 2016",menno_ter_bals,,
70,COCORIE,93,274,2.9,81,0.223,0.668,0.109,0.81,0.19,0.19,0.153,0.657,0.018,0.608,3345,0,9.8,62.4,4.3,8.7,43.4,32.7,3.4,12.2,0.657,417.047180840944,"februari 11, 2016",menno_ter_bals,"februari 11, 2016",menno_ter_bals,,
71,SER'I DOMI,139,406,2.9,78,0.192,0.616,0.192,0.888,0.112,0.113,0.16,0.728,0.018,0.652,3514,56,17.6,45.1,42,0.7,57.1,16.5,6.7,12.7,0.69,588.405799134592,"februari 11, 2016",menno_ter_bals,"februari 11, 2016",menno_ter_bals,,
72,PARERAWIJK,160,401,2.5,81,0.167,0.666,0.167,0.732,0.268,0.27,0.227,0.504,0.036,0.632,4666,0,14.2,54.8,10.7,12.6,52.6,27.7,4,7.6,0.072,5569.44468419678,"februari 11, 2016",menno_ter_bals,"februari 11, 2016",menno_ter_bals,,
73,HATO (geozone),16,45,2.8,0,0,0,0,0,0,0,0,0,0,0,0,0,0,0,25,6.3,18.8,15.6,9.4,31.3,1.544,29.1450771621488,"februari 11, 2016",menno_ter_bals,"februari 11, 2016",menno_ter_bals,,
74,COLON,70,192,2.7,79,0.146,0.651,0.203,0.743,0.257,0.257,0.314,0.429,0.033,0.667,5663,0,0,0,31.9,2.9,35.9,41.7,7.7,7.7,0.218,880.733966145108,"februari 11, 2016",menno_ter_bals,"februari 11, 2016",menno_ter_bals,,
75,SER'I PAPAYA,559,1779,3.2,66,0.3,0.646,0.054,0.932,0.068,0.069,0.12,0.812,0.018,0.579,3024,66,32.9,55.1,10.5,3.1,67.9,15.1,2.4,8.9,0.946,1880.54972268718,"februari 11, 2016",menno_ter_bals,"februari 11, 2016",menno_ter_bals,,
76,CONFIANSA,49,134,2.7,113,0.157,0.694,0.149,0.866,0.134,0.134,0.112,0.754,0.04,0.696,4422,0,0,0,22.4,8.2,43.2,34.2,2.7,13.5,0.069,1942.02903415746,"februari 11, 2016",menno_ter_bals,"februari 11, 2016",menno_ter_bals,,
77,CONSTANCIA,50,119,2.4,105,0.16,0.664,0.176,0.731,0.269,0.269,0.202,0.529,0.089,0.634,3974,0,0,0,30,6.1,38,40,7,3,0.043,2767.44176648062,"februari 11, 2016",menno_ter_bals,"februari 11, 2016",menno_ter_bals,,
78,SERITU,96,260,2.7,78,0.173,0.592,0.235,0.604,0.396,0.396,0.331,0.273,0.076,0.685,8884,0,4.4,62.8,8.3,2.1,25.1,52.6,8.5,4.7,0.165,1575.7575131426,"februari 11, 2016",menno_ter_bals,"februari 11, 2016",menno_ter_bals,,
79,CONSTANCIA BIJ EENDRACHT,64,177,2.8,81,0.198,0.588,0.215,0.824,0.176,0.176,0.153,0.67,0.023,0.672,5278,0,0,0,9.4,3.1,34.3,47.1,10,5.7,0.071,2492.95766485799,"februari 11, 2016",menno_ter_bals,"februari 11, 2016",menno_ter_bals,,
80,SERU MACHU,147,432,2.9,94,0.206,0.69,0.104,0.855,0.145,0.152,0.11,0.738,0.005,0.584,3293,50,14.4,60.6,19.7,16,46.8,25.2,6,16.2,1.964,219.959268297746,"februari 11, 2016",menno_ter_bals,"februari 11, 2016",menno_ter_bals,,
81,CORONET,85,205,2.4,68,0.22,0.654,0.127,0.663,0.337,0.34,0.22,0.44,0.031,0.68,3279,0,11.7,64.4,13.1,21.2,42.8,29.6,7.9,11.2,0.055,3727.27274746934,"februari 11, 2016",menno_ter_bals,"februari 11, 2016",menno_ter_bals,,
82,SERU MAHUMA (Romar),525,1532,2.9,83,0.206,0.713,0.08,0.758,0.242,0.242,0.21,0.548,0.05,0.631,6958,37,8.1,65.7,8,1,36.1,43.2,2.8,8.9,2.062,742.96797918289,"februari 11, 2016",menno_ter_bals,"februari 11, 2016",menno_ter_bals,,
83,COSTA FIRMA,59,148,2.5,83,0.223,0.588,0.189,0.615,0.385,0.388,0.327,0.286,0.014,0.507,6540,0,0,0,13.6,0,27.9,47.7,8.1,9,0.075,1973.33325492011,"februari 11, 2016",menno_ter_bals,"februari 11, 2016",menno_ter_bals,,
84,QUINTA,76,187,2.5,65,0.203,0.647,0.15,0.747,0.253,0.254,0.195,0.551,0.005,0.658,3244,0,0,0,39.5,9.3,43.1,26.4,9.7,6.3,0.318,588.050335187107,"februari 11, 2016",menno_ter_bals,"februari 11, 2016",menno_ter_bals,,
85,DAMACOR,163,486,2.7,87,0.171,0.566,0.263,0.559,0.441,0.453,0.317,0.23,0.053,0.664,10769,0,1.8,64.6,6.1,1.9,26.2,50.4,12.3,4.9,0.359,1353.76045557208,"februari 11, 2016",menno_ter_bals,"februari 11, 2016",menno_ter_bals,,
86,SERU PRETU BIJ JAN LUIS,100,271,2.7,79,0.207,0.664,0.129,0.823,0.177,0.177,0.107,0.716,0.004,0.785,3611,0,6.8,61.9,11.1,14.1,37.2,36.7,3.4,15.9,0.352,769.886367808073,"februari 11, 2016",menno_ter_bals,"februari 11, 2016",menno_ter_bals,,
87,DE KLUNDERT,59,170,2.9,85,0.241,0.729,0.029,0.753,0.247,0.247,0.171,0.582,0.012,0.798,5254,0,0,0,20.3,5.1,33.3,45.2,2.4,12.7,0.054,3148.14806648815,"februari 11, 2016",menno_ter_bals,"februari 11, 2016",menno_ter_bals,,
88,SINIA THERESA,67,181,2.7,99,0.243,0.691,0.066,0.626,0.374,0.374,0.098,0.529,0.052,0.6,2964,0,0,0,50.7,16.9,35.3,36.8,3,16.5,0.231,783.549762523232,"februari 11, 2016",menno_ter_bals,"februari 11, 2016",menno_ter_bals,,
89,DE SAVAAN,93,251,2.7,89,0.207,0.677,0.116,0.713,0.287,0.287,0.131,0.582,0.07,0.643,3812,0,12.3,65.3,25.8,4.3,43.6,33.3,8.7,11.3,0.348,721.264388570227,"februari 11, 2016",menno_ter_bals,"februari 11, 2016",menno_ter_bals,,
90,SOLEDAD BIJ FRANCIA,38,116,3.1,87,0.224,0.578,0.198,0.664,0.336,0.336,0.172,0.491,0.052,0.759,9471,0,0,0,0,0,22.5,51.7,5.6,14.6,0.054,2148.14809242721,"februari 11, 2016",menno_ter_bals,"februari 11, 2016",menno_ter_bals,,
91,DE SAVAAN (Volkswoningen),219,659,3,68,0.229,0.651,0.12,0.889,0.111,0.111,0.154,0.735,0.028,0.645,2710,53,22.2,53.1,13.8,1.4,58.7,23,4,8.3,0.121,5446.28102124678,"februari 11, 2016",menno_ter_bals,"februari 11, 2016",menno_ter_bals,,
92,SOLEDAD BIJ JAN BOOS,75,186,2.5,77,0.194,0.559,0.247,0.746,0.254,0.255,0.185,0.56,0.063,0.568,4678,0,0,0,10.8,5.3,30.8,43.2,6.2,8.9,0.094,1978.72347200872,"februari 11, 2016",menno_ter_bals,"februari 11, 2016",menno_ter_bals,,
93,DEIN,513,1289,2.5,93,0.189,0.68,0.132,0.533,0.467,0.468,0.265,0.267,0.017,0.523,3325,50,9.6,59.7,10.3,10.8,38.9,38.5,5.5,11,0.545,2365.13754225231,"februari 11, 2016",menno_ter_bals,"februari 11, 2016",menno_ter_bals,,
94,SOLEDAD BIJ THORENQUEST,18,62,3.4,0,0,0,0,0,0,0,0,0,0,0,0,0,0,0,72.2,9.1,43.2,31.8,2.3,18.2,0.036,1722.2222963601,"februari 11, 2016",menno_ter_bals,"februari 11, 2016",menno_ter_bals,,
95,DOMI ABOU,202,485,2.4,84,0.167,0.668,0.165,0.694,0.306,0.307,0.228,0.465,0.019,0.728,3384,56,7.7,57.7,24.8,9.9,48.7,24.7,8.8,10.9,0.177,2740.11297774112,"februari 11, 2016",menno_ter_bals,"februari 11, 2016",menno_ter_bals,,
96,SOSIEGU BIJ MONTANA,34,101,2.6,0,0,0,0,0,0,0,0,0,0,0,0,0,0,0,10.9,2.2,19.2,50,9,7.7,0.041,2463.41456610273,"februari 11, 2016",menno_ter_bals,"februari 11, 2016",menno_ter_bals,,
97,EENDRACHT,163,461,2.8,89,0.232,0.623,0.145,0.809,0.191,0.193,0.188,0.619,0.011,0.596,4029,63,7.8,57.6,26.1,8,38.8,38,6.7,9.3,0.137,3364.96363833727,"februari 11, 2016",menno_ter_bals,"februari 11, 2016",menno_ter_bals,,
98,SOSIEGU BIJ WATERLOO,33,100,3,0,0,0,0,0,0,0,0,0,0,0,0,0,0,0,3,9.1,36,32,4,14.7,0.071,1408.45065811186,"februari 11, 2016",menno_ter_bals,"februari 11, 2016",menno_ter_bals,,
99,ESPERANSA BIJ SALSBACH  (Goede Hoop),293,769,2.5,91,0.146,0.638,0.216,0.699,0.301,0.303,0.245,0.452,0.026,0.757,6878,61,6.4,57.5,7.5,1,32.6,46.7,6.5,5.3,0.269,2858.73612535677,"februari 11, 2016",menno_ter_bals,"februari 11, 2016",menno_ter_bals,,
100,SOTO,680,2233,3.3,90,0.225,0.655,0.12,0.909,0.091,0.091,0.058,0.85,0.023,0.616,4024,43,14.4,55.5,4.7,9.4,45.8,30.6,5.9,13.2,1.943,1149.25375559886,"februari 11, 2016",menno_ter_bals,"februari 11, 2016",menno_ter_bals,,
101,ESPERANZA BIJ HERST,54,132,2.4,78,0.159,0.689,0.152,0.773,0.227,0.227,0.273,0.5,0.113,0.621,6284,0,0,0,1.9,7.4,38.9,39.8,5.6,5.6,0.064,2062.49990203651,"februari 11, 2016",menno_ter_bals,"februari 11, 2016",menno_ter_bals,,
102,ST. JACOB,501,1484,2.9,67,0.228,0.703,0.069,0.864,0.136,0.138,0.173,0.689,0.031,0.51,3578,81,15.5,58.2,18.2,1.4,53.3,26.2,3.7,9.1,2.622,565.980172339716,"februari 11, 2016",menno_ter_bals,"februari 11, 2016",menno_ter_bals,,
103,ESPERANZA BIJ MINGUELITO,39,98,2.5,0,0,0,0,0,0,0,0,0,0,0,0,0,0,0,13.2,0,22.8,49.4,3.8,10.1,0.059,1661.01693908431,"februari 11, 2016",menno_ter_bals,"februari 11, 2016",menno_ter_bals,,
104,ST. JAGO,119,280,2.4,64,0.179,0.643,0.179,0.699,0.301,0.307,0.263,0.431,0.014,0.608,2816,0,13.7,57,8.5,21.1,47.1,26.5,8.5,9.4,0.093,3010.75261677603,"februari 11, 2016",menno_ter_bals,"februari 11, 2016",menno_ter_bals,,
105,ST. JANSBERG,164,403,2.5,77,0.141,0.667,0.191,0.75,0.25,0.251,0.221,0.529,0.059,0.704,6065,27,6.5,66.5,7.5,6.9,36,37.5,7.1,11.2,0.292,1380.13700658529,"februari 11, 2016",menno_ter_bals,"februari 11, 2016",menno_ter_bals,,
106,ESPERANZA BIJ WATERLOO,86,250,2.9,87,0.236,0.66,0.104,0.848,0.152,0.153,0.129,0.718,0.037,0.653,4113,0,8.8,53.4,17.4,10.6,38.9,35.8,4.7,15.3,0.249,1004.0160724285,"februari 11, 2016",menno_ter_bals,"februari 11, 2016",menno_ter_bals,,
107,FANTANJA,17,46,2.7,0,0,0,0,0,0,0,0,0,0,0,0,0,0,0,11.8,17.6,41,30.8,5.1,17.9,0.041,1121.95118852204,"februari 11, 2016",menno_ter_bals,"februari 11, 2016",menno_ter_bals,,
108,ST. THOMAS,42,105,2.5,94,0.143,0.629,0.229,0.8,0.2,0.2,0.133,0.667,0.048,0.673,4125,0,0,0,11.9,0,24.4,52.2,10,2.2,0.056,1874.99994212496,"februari 11, 2016",menno_ter_bals,"februari 11, 2016",menno_ter_bals,,
109,FLEUR DE MARIE,74,156,2.1,93,0.154,0.641,0.205,0.526,0.474,0.487,0.27,0.243,0.027,0.714,2937,0,0,0,12.7,31.5,39.8,35.2,5.5,9.4,0.065,2400.00008803148,"februari 11, 2016",menno_ter_bals,"februari 11, 2016",menno_ter_bals,,
110,ST. WILLIBRORDUS,240,588,2.5,85,0.192,0.646,0.162,0.63,0.37,0.37,0.095,0.535,0.069,0.692,10180,54,9.1,57.7,6.1,4.3,30.7,41.9,6.9,11.2,2.477,237.383932358811,"februari 11, 2016",menno_ter_bals,"februari 11, 2016",menno_ter_bals,,
111,STA. CATHARINA,320,862,2.7,99,0.22,0.722,0.058,0.655,0.345,0.345,0.25,0.405,0.069,0.552,8022,30,2.6,73.8,3.1,0,26.3,52.2,2.1,13.3,6.648,129.663061171295,"februari 11, 2016",menno_ter_bals,"februari 11, 2016",menno_ter_bals,,
112,FORTUNA ABOU,105,250,2.4,112,0.192,0.648,0.16,0.831,0.169,0.169,0.112,0.719,0.053,0.728,3068,0,10.5,61.4,13.5,9.8,47,33.5,3.5,10,0.346,722.543381976295,"februari 11, 2016",menno_ter_bals,"februari 11, 2016",menno_ter_bals,,
113,FORTUNA ARIBA,83,210,2.5,88,0.21,0.69,0.1,0.865,0.135,0.135,0.159,0.707,0.045,0.609,4691,0,9.7,68.1,8.4,6,36.3,29.4,4.4,21.9,0.402,522.388046689118,"februari 11, 2016",menno_ter_bals,"februari 11, 2016",menno_ter_bals,,
114,STA. HELENA,273,709,2.6,78,0.197,0.639,0.164,0.78,0.22,0.221,0.219,0.56,0.018,0.71,4014,63,14.2,57.1,73.9,7,44,27.2,7,10.8,0.283,2505.30042089726,"februari 11, 2016",menno_ter_bals,"februari 11, 2016",menno_ter_bals,,
115,FRANCIA,170,419,2.5,74,0.136,0.609,0.255,0.678,0.322,0.322,0.322,0.356,0.043,0.542,10134,0,3.5,54.7,5.3,2.4,26.8,56.3,5.1,5.1,0.369,1135.50139243078,"februari 11, 2016",menno_ter_bals,"februari 11, 2016",menno_ter_bals,,
116,STA. MARIA,45,214,2.7,86,0.098,0.822,0.079,0.745,0.255,0.257,0.129,0.614,0.029,0.756,4829,0,0,0,13.3,22.7,69.9,20.2,2.7,3.3,0.188,1138.29791131685,"februari 11, 2016",menno_ter_bals,"februari 11, 2016",menno_ter_bals,,
117,FUIK,279,838,3,89,0.202,0.681,0.117,0.833,0.167,0.168,0.13,0.702,0.038,0.761,4570,18,12.1,60.7,8.4,10.2,43.8,32.8,4.9,14.3,1.877,446.457118538048,"februari 11, 2016",menno_ter_bals,"februari 11, 2016",menno_ter_bals,,
118,STEENRIJK,610,1604,2.6,82,0.183,0.643,0.173,0.743,0.257,0.258,0.244,0.498,0.101,0.584,4488,45,12.2,57,7.3,3.6,43.5,28.5,8.3,9.2,0.562,2854.09264534864,"februari 11, 2016",menno_ter_bals,"februari 11, 2016",menno_ter_bals,,
119,GATU,269,804,2.9,93,0.236,0.68,0.083,0.815,0.185,0.186,0.153,0.661,0.019,0.546,3414,75,12.7,64.7,21.6,8.4,36.2,40.4,2.5,11.9,2.461,326.696469409278,"februari 11, 2016",menno_ter_bals,"februari 11, 2016",menno_ter_bals,,
120,STENEN KORAAL,870,2360,2.7,90,0.207,0.656,0.136,0.817,0.183,0.183,0.145,0.672,0.039,0.678,4395,38,9.8,59.1,10.8,9,39.6,33.3,6.6,12,1.978,1193.1243410116,"februari 11, 2016",menno_ter_bals,"februari 11, 2016",menno_ter_bals,,
121,GIBRALTAR,138,430,3.1,71,0.242,0.698,0.06,0.874,0.126,0.126,0.152,0.722,0.043,0.643,3445,66,25.1,59.8,46.4,1.5,61.8,21.8,4.4,6,0.126,3412.69835780928,"februari 11, 2016",menno_ter_bals,"februari 11, 2016",menno_ter_bals,,
122,SUCASA,99,230,2.3,92,0.152,0.709,0.139,0.782,0.218,0.218,0.153,0.629,0.058,0.556,3752,0,9.2,61.5,85.9,6.1,48.7,26.5,8.5,8.5,0.115,1999.99996371891,"februari 11, 2016",menno_ter_bals,"februari 11, 2016",menno_ter_bals,,
123,GIROUETTE,159,434,2.7,91,0.276,0.627,0.097,0.619,0.381,0.382,0.34,0.278,0.125,0.435,9728,39,4,71,10.1,1.3,17.8,57.9,4.3,9.9,0.471,921.443764249829,"februari 11, 2016",menno_ter_bals,"februari 11, 2016",menno_ter_bals,,
124,MUIZENBERG BIEU,169,429,2.5,100,0.135,0.613,0.252,0.749,0.251,0.251,0.253,0.496,0.029,0.631,4779,0,9.5,53.9,7.7,4.7,33.9,37.4,10.7,8.5,0.407,1054.05404046994,"februari 11, 2016",menno_ter_bals,"februari 11, 2016",menno_ter_bals,,
125,TERA CORA,1208,3547,2.9,87,0.21,0.708,0.083,0.839,0.161,0.162,0.126,0.711,0.022,0.636,5398,54,9.7,63.6,4.1,2.5,38.4,41.1,4.1,9.9,1.912,1855.12558038154,"februari 11, 2016",menno_ter_bals,"februari 11, 2016",menno_ter_bals,,
126,GOEDE HOOP BIJ HULANDA,85,202,2.4,94,0.134,0.629,0.238,0.677,0.323,0.323,0.389,0.288,0.054,0.627,7620,0,3,57.1,4.7,2.4,29.2,46.4,9.5,7.7,0.325,621.538484336357,"februari 11, 2016",menno_ter_bals,"februari 11, 2016",menno_ter_bals,,
127,GORA,78,183,2.3,74,0.153,0.694,0.153,0.727,0.273,0.273,0.12,0.607,0.028,0.588,4323,0,15,64.5,20.5,9,43.8,35.3,4.6,8.5,0.135,1355.55550169062,"februari 11, 2016",menno_ter_bals,"februari 11, 2016",menno_ter_bals,,
128,THORENQUEST,27,67,2.5,0,0,0,0,0,0,0,0,0,0,0,0,0,0,0,74.1,20.8,44.4,29.6,5.6,7.4,0.076,881.578975715714,"februari 11, 2016",menno_ter_bals,"februari 11, 2016",menno_ter_bals,,
129,GRINOLI,31,72,2.3,0,0,0,0,0,0,0,0,0,0,0,0,0,0,0,50,3.2,31.1,36.1,6.6,16.4,0.045,1599.99993642171,"februari 11, 2016",menno_ter_bals,"februari 11, 2016",menno_ter_bals,,
130,"CHECHE (De Hoop)
",30,74,2.5,0,0,0,0,0,0,0,0,0,0,0,0,0,0,0,6.7,0,27.3,47.3,7.3,10.9,0.108,685.185167412127,"februari 11, 2016",menno_ter_bals,"februari 11, 2016",menno_ter_bals,,
131,GROOT DAVELAAR,57,140,2.5,67,0.107,0.629,0.264,0.607,0.393,0.396,0.288,0.317,0.029,0.696,7088,0,0,0,5.4,8.8,40.7,39,13,1.6,0.286,489.510466658497,"februari 11, 2016",menno_ter_bals,"februari 11, 2016",menno_ter_bals,,
132,TUCACAS,25,87,3.5,0,0,0,0,0,0,0,0,0,0,0,0,0,0,0,0,20,32.8,44.8,7.5,11.9,0.103,844.660193197171,"februari 11, 2016",menno_ter_bals,"februari 11, 2016",menno_ter_bals,,
133,GROOT KWARTIER ZUID,40,126,2.6,84,0.143,0.524,0.333,0.587,0.413,0.416,0.256,0.328,0.033,0.719,7241,0,0,0,0,1.8,28.6,48.6,11.4,4.8,0.147,857.142857837955,"februari 11, 2016",menno_ter_bals,"februari 11, 2016",menno_ter_bals,,
134,VAN ENGELEN,228,534,2.3,78,0.184,0.62,0.197,0.636,0.364,0.364,0.319,0.317,0.035,0.576,8520,61,4,62.4,8,0.9,21.9,52.6,9.1,8.4,0.432,1236.11107904755,"februari 11, 2016",menno_ter_bals,"februari 11, 2016",menno_ter_bals,,
135,GROOT PISCADERA,240,749,2.7,94,0.124,0.784,0.092,0.721,0.279,0.28,0.182,0.538,0.141,0.602,8385,40,7.8,66.4,10.5,2.5,39.9,40.7,3.3,9.3,1.371,546.316536736372,"februari 11, 2016",menno_ter_bals,"februari 11, 2016",menno_ter_bals,,
136,VEERIS,284,787,2.8,84,0.219,0.658,0.123,0.826,0.174,0.175,0.147,0.678,0.064,0.612,3991,25,12.7,58.7,72.7,12.4,39.7,33.4,7,11.9,3.815,206.290953655554,"februari 11, 2016",menno_ter_bals,"februari 11, 2016",menno_ter_bals,,
137,GROTE BERG,289,841,2.9,94,0.264,0.687,0.049,0.608,0.392,0.394,0.167,0.439,0.144,0.537,9767,46,5.2,68.5,13.6,0.4,22.6,55.9,1.9,16,6.773,124.169500866305,"februari 11, 2016",menno_ter_bals,"februari 11, 2016",menno_ter_bals,,
138,VERGENOEGING,57,177,3.1,79,0.232,0.616,0.153,0.831,0.169,0.169,0.186,0.644,0.057,0.586,4492,0,0,0,8.8,3.5,31.8,41.7,6.8,17.4,0.14,1264.28570890305,"februari 11, 2016",menno_ter_bals,"februari 11, 2016",menno_ter_bals,,
139,HAMBER,20,60,3,0,0,0,0,0,0,0,0,0,0,0,0,0,0,0,20,25,52.9,35.3,7.8,0,0.068,882.35289322464,"februari 11, 2016",menno_ter_bals,"februari 11, 2016",menno_ter_bals,,
140,VERGENOEGING BIJ KOLONCHI,41,115,2.8,72,0.183,0.678,0.139,0.617,0.383,0.383,0.296,0.322,0.048,0.75,8346,0,0,0,12.2,2.7,34.1,42.9,6.6,7.7,0.086,1337.2092569129,"februari 11, 2016",menno_ter_bals,"februari 11, 2016",menno_ter_bals,,
141,VERS,97,283,2.9,78,0.226,0.622,0.152,0.829,0.171,0.171,0.129,0.7,0.073,0.679,3296,0,10.9,54.3,54.6,9.4,47.6,30,5.7,10,0.123,2300.8129445778,"februari 11, 2016",menno_ter_bals,"februari 11, 2016",menno_ter_bals,,
142,HANENBERG,232,618,2.7,86,0.212,0.673,0.115,0.771,0.229,0.23,0.158,0.612,0.049,0.604,5833,30,7.8,66.1,6.1,3.5,34.6,39.3,5.1,13.2,0.746,828.418239564813,"februari 11, 2016",menno_ter_bals,"februari 11, 2016",menno_ter_bals,,
143,VETTER,59,139,2.4,96,0.201,0.669,0.129,0.775,0.225,0.225,0.159,0.616,0.015,0.562,3970,0,0,0,10.5,10.2,44,32.1,7.3,10.1,0.236,588.983047277343,"februari 11, 2016",menno_ter_bals,"februari 11, 2016",menno_ter_bals,,
144,HARMONIE,63,159,2.5,94,0.195,0.654,0.151,0.855,0.145,0.146,0.082,0.772,0.013,0.597,3477,0,0,0,3.2,7.9,44.8,32.8,6.4,11.2,0.178,893.258411412347,"februari 11, 2016",menno_ter_bals,"februari 11, 2016",menno_ter_bals,,
145,DOMINGUITO,469,1197,2.6,83,0.149,0.653,0.198,0.744,0.256,0.256,0.219,0.524,0.048,0.672,5225,43,5.8,56,5.3,6,38.2,32.2,9,11,0.458,2613.53709341466,"februari 11, 2016",menno_ter_bals,"februari 11, 2016",menno_ter_bals,,
146,HOENDERBERG,111,280,2.5,67,0.182,0.736,0.082,0.811,0.189,0.19,0.222,0.588,0.035,0.602,7024,0,2.5,69.4,6.4,0,37.3,45.3,1.8,4.4,0.183,1530.05465876259,"februari 11, 2016",menno_ter_bals,"februari 11, 2016",menno_ter_bals,,
147,VREDENBERG BIJ KINTJAN,332,814,2.5,88,0.181,0.636,0.183,0.547,0.453,0.456,0.266,0.278,0.065,0.708,7026,30,4.8,59.7,8.5,2.7,30,49.6,6.8,7.8,0.799,1018.77343521774,"februari 11, 2016",menno_ter_bals,"februari 11, 2016",menno_ter_bals,,
148,ILAND,56,152,2.7,88,0.204,0.625,0.171,0.645,0.355,0.355,0.276,0.368,0,0.811,6513,0,0,0,1.8,3.6,31.7,43.3,6.7,12.5,0.088,1727.27273663213,"februari 11, 2016",menno_ter_bals,"februari 11, 2016",menno_ter_bals,,
149,JAN BOOS,127,339,2.7,85,0.186,0.687,0.127,0.793,0.207,0.207,0.156,0.638,0.037,0.652,5142,0,9.6,64.1,4.7,7.1,36.3,34.5,6.7,13.1,0.258,1313.95355758311,"februari 11, 2016",menno_ter_bals,"februari 11, 2016",menno_ter_bals,,
150,VREDENBERG BIJ STA. MARIA,162,433,2.6,80,0.152,0.605,0.242,0.767,0.233,0.234,0.152,0.614,0.023,0.704,5243,30,5.5,56.5,6.2,6.2,39.8,36.7,8.4,6.4,0.203,2133.00498748486,"februari 11, 2016",menno_ter_bals,"februari 11, 2016",menno_ter_bals,,
151,JAN SOFAT,219,580,2.6,95,0.207,0.647,0.147,0.476,0.524,0.526,0.301,0.172,0.067,0.716,11988,95,3.5,61.3,5.1,0,15.5,63.6,4,11.5,0.672,863.095249731491,"februari 11, 2016",menno_ter_bals,"februari 11, 2016",menno_ter_bals,,
152,KLEIN MARCHENA,203,510,2.5,88,0.176,0.71,0.114,0.823,0.177,0.177,0.187,0.635,0.018,0.696,3262,51,10.7,60.2,16.7,11.3,43.8,29.8,5.4,13.1,0.145,3517.24148051776,"februari 11, 2016",menno_ter_bals,"februari 11, 2016",menno_ter_bals,,
153,JAN THIEL,590,1490,2.5,87,0.213,0.689,0.097,0.554,0.446,0.446,0.264,0.291,0.092,0.614,11165,53,3.4,69.7,3.1,0.5,20.7,55.7,4.1,11.4,4.952,300.888521310875,"februari 11, 2016",menno_ter_bals,"februari 11, 2016",menno_ter_bals,,
154,WATERLOO,888,2521,2.8,87,0.254,0.711,0.035,0.708,0.292,0.293,0.223,0.484,0.062,0.606,8292,34,3.2,74.4,4.7,0.7,28,52.4,2.1,9.4,1.32,1909.84840895793,"februari 11, 2016",menno_ter_bals,"februari 11, 2016",menno_ter_bals,,
155,JANCHI WEVER,22,58,2.6,0,0,0,0,0,0,0,0,0,0,0,0,0,0,0,13.6,0,23.9,69.6,0,4.3,0.053,1094.33963556398,"februari 11, 2016",menno_ter_bals,"februari 11, 2016",menno_ter_bals,,
156,WAWU BIJ LUDUNU,38,123,3.2,78,0.171,0.675,0.154,0.894,0.106,0.106,0.073,0.821,0.016,0.664,4448,0,0,0,42.1,5.3,51.5,33.7,4,7.9,0.043,2860.46501913543,"februari 11, 2016",menno_ter_bals,"februari 11, 2016",menno_ter_bals,,
157,JANDORET,669,1841,2.8,78,0.18,0.67,0.15,0.845,0.155,0.156,0.118,0.727,0.028,0.683,4834,59,11.4,56.7,12.4,3.3,42.5,34,6,10.4,0.874,2106.40729162568,"februari 11, 2016",menno_ter_bals,"februari 11, 2016",menno_ter_bals,,
158,WEIS,330,816,2.5,81,0.137,0.648,0.214,0.781,0.219,0.22,0.204,0.577,0.02,0.641,4401,46,7.6,56.4,10,4.3,36.6,36.9,8.8,8.7,0.468,1743.58976313139,"februari 11, 2016",menno_ter_bals,"februari 11, 2016",menno_ter_bals,,
159,JANWE,70,183,2.6,93,0.137,0.667,0.197,0.676,0.324,0.324,0.264,0.412,0.093,0.663,6450,0,0,0,12.9,1.4,30.1,44.9,9.6,7.7,0.159,1150.94343678332,"februari 11, 2016",menno_ter_bals,"februari 11, 2016",menno_ter_bals,,
160,QUINTA VIOLETA,152,395,2.6,95,0.215,0.676,0.109,0.565,0.435,0.437,0.338,0.226,0.01,0.654,4449,0,5.7,67.4,13.2,16.7,28.7,44.3,6.2,13,0.161,2453.41617268391,"februari 11, 2016",menno_ter_bals,"februari 11, 2016",menno_ter_bals,,
161,JENEFU,31,86,2.8,0,0,0,0,0,0,0,0,0,0,0,0,0,0,0,38.7,6.5,59.7,27.8,4.2,5.6,0.039,2205.12815963117,"februari 11, 2016",menno_ter_bals,"februari 11, 2016",menno_ter_bals,,
162,WELATINA,148,435,2.9,88,0.205,0.655,0.14,0.802,0.198,0.198,0.131,0.671,0.033,0.754,4204,43,13.5,59.8,34.5,9.7,48.5,25.9,7.4,11.8,0.123,3536.58526816729,"februari 11, 2016",menno_ter_bals,"februari 11, 2016",menno_ter_bals,,
163,JONCHI,15,46,3.1,0,0,0,0,0,0,0,0,0,0,0,0,0,0,0,6.7,0,20,68.6,5.7,0,0.167,275.449108874846,"februari 11, 2016",menno_ter_bals,"februari 11, 2016",menno_ter_bals,,
164,HABAAI,75,407,2.2,65,0.064,0.285,0.651,0.773,0.227,0.301,0.176,0.523,0.023,0.844,5046,0,0,0,83.5,2.2,47.5,17.7,17.9,5,0.303,1343.23430969216,"februari 11, 2016",menno_ter_bals,"februari 11, 2016",menno_ter_bals,,
165,WELTEVREDEN,27,76,2.8,0,0,0,0,0,0,0,0,0,0,0,0,0,0,0,18.5,14.8,42.4,35.6,3.4,15.3,0.041,1853.65848538423,"februari 11, 2016",menno_ter_bals,"februari 11, 2016",menno_ter_bals,,
166,JONGBLOED,1246,3193,2.5,89,0.193,0.647,0.16,0.684,0.316,0.317,0.22,0.463,0.064,0.633,6414,51,7.2,62.1,6.4,4,31.6,43.7,6.6,9,1.783,1790.80202673176,"februari 11, 2016",menno_ter_bals,"februari 11, 2016",menno_ter_bals,,
167,WESTPUNT,256,738,2.9,96,0.179,0.642,0.179,0.934,0.066,0.066,0.069,0.864,0.015,0.573,4213,20,14.8,51.2,6.1,1.6,44.4,33.6,8.7,6.4,1.447,510.020723138201,"februari 11, 2016",menno_ter_bals,"februari 11, 2016",menno_ter_bals,,
168,JONISBERG,159,426,2.7,89,0.174,0.631,0.195,0.686,0.314,0.314,0.281,0.404,0.048,0.612,4720,36,6.2,55.1,5.1,8.8,40,38.8,6.4,5.5,0.121,3520.66117610186,"februari 11, 2016",menno_ter_bals,"februari 11, 2016",menno_ter_bals,,
169,JUAN BAEZA,180,444,2.5,91,0.218,0.662,0.119,0.694,0.306,0.308,0.164,0.528,0.035,0.632,3075,73,6,62,37.9,3.9,36.7,36.1,5.6,14.4,0.375,1184,"februari 11, 2016",menno_ter_bals,"februari 11, 2016",menno_ter_bals,,
170,WETO (Rehderslust),258,750,2.9,80,0.221,0.68,0.099,0.851,0.149,0.149,0.142,0.708,0.019,0.61,3769,53,11.5,65.2,8.9,4.7,43.8,32.5,6.3,8.6,0.467,1605.99569110755,"februari 11, 2016",menno_ter_bals,"februari 11, 2016",menno_ter_bals,,
171,JUAN DOMINGO BIJ COLON,62,168,2.7,81,0.196,0.613,0.19,0.792,0.208,0.21,0.257,0.533,0.031,0.731,6839,0,0,0,23,4.9,34.8,35.6,7.6,13.6,0.122,1377.04916485405,"februari 11, 2016",menno_ter_bals,"februari 11, 2016",menno_ter_bals,,
172,WISHI,328,841,2.6,75,0.205,0.669,0.126,0.695,0.305,0.307,0.174,0.52,0.067,0.54,2918,62,12.8,59.6,82.2,12.5,46.4,27.8,6.2,11.8,0.369,2279.13286643027,"februari 11, 2016",menno_ter_bals,"februari 11, 2016",menno_ter_bals,,
173,ZAKITO,98,228,2.3,93,0.14,0.645,0.215,0.588,0.412,0.412,0.175,0.412,0.081,0.595,9208,0,0,0,60.2,8.3,35.1,43.3,6.2,7.7,0.8,284.999995753169,"februari 11, 2016",menno_ter_bals,"februari 11, 2016",menno_ter_bals,,
174,JUAN DOMINGO BIJ MAHUMA,333,955,2.9,77,0.259,0.639,0.103,0.856,0.144,0.144,0.118,0.738,0.057,0.625,3808,57,11.2,61.9,16.3,19.2,41.8,35.2,4.2,12,0.543,1758.74775357441,"februari 11, 2016",menno_ter_bals,"februari 11, 2016",menno_ter_bals,,
175,ZEELANDIA,88,135,1.5,39,0.067,0.378,0.556,0.63,0.37,0.373,0.328,0.299,0.007,0.679,5912,0,0,0,5.7,0,23,30.2,27.8,1.6,0.819,164.835163683523,"februari 11, 2016",menno_ter_bals,"februari 11, 2016",menno_ter_bals,,
176,JUAN HATO,236,603,2.6,92,0.138,0.642,0.221,0.808,0.192,0.192,0.177,0.631,0.029,0.626,5302,69,7.2,56.2,8.5,4.3,36.1,37.3,11.1,8.8,0.333,1810.810787474,"februari 11, 2016",menno_ter_bals,"februari 11, 2016",menno_ter_bals,,
177,ZEGU,65,192,3,76,0.177,0.703,0.12,0.818,0.182,0.185,0.122,0.693,0.067,0.583,3628,0,0,0,35.4,11.1,33.3,42,6.7,14,1.102,174.228675437672,"februari 11, 2016",menno_ter_bals,"februari 11, 2016",menno_ter_bals,,
178,JUANOTA,41,107,2.6,84,0.178,0.71,0.112,0.736,0.264,0.264,0.094,0.642,0,0.682,4629,0,0,0,7.3,19.5,40,17.6,9.4,23.5,0.106,1009.43397418402,"februari 11, 2016",menno_ter_bals,"februari 11, 2016",menno_ter_bals,,
179,NOORD STA. ROSA,129,355,2.8,87,0.22,0.668,0.113,0.816,0.184,0.184,0.13,0.686,0.012,0.584,4113,59,11.8,61,3.1,8.6,39,35.3,5.6,10.8,0.427,831.381759945147,"februari 11, 2016",menno_ter_bals,"februari 11, 2016",menno_ter_bals,,
180,JULIANADORP,393,1068,2.7,96,0.217,0.64,0.142,0.45,0.55,0.55,0.223,0.226,0.137,0.627,10937,27,4.1,58.5,31.9,0.8,17.7,62.6,4.5,9.3,1.439,742.182065471995,"februari 11, 2016",menno_ter_bals,"februari 11, 2016",menno_ter_bals,,
181,ZUURZAK,102,312,3.1,84,0.324,0.615,0.061,0.561,0.439,0.439,0.269,0.292,0.077,0.505,13179,0,3.6,80.1,4.1,0,12,67,1,17.2,0.77,405.194815231789,"februari 11, 2016",menno_ter_bals,"februari 11, 2016",menno_ter_bals,,
182,KALABARI,92,230,2.5,70,0.187,0.604,0.209,0.804,0.196,0.196,0.157,0.648,0.031,0.604,4401,0,13.9,54,5.4,5.5,36.6,34.4,10.8,11.3,0.11,2090.9091022389,"februari 11, 2016",menno_ter_bals,"februari 11, 2016",menno_ter_bals,,
183,ZUURZAK BIJ BLOMONTE,44,119,2.7,70,0.193,0.697,0.109,0.78,0.22,0.222,0.248,0.53,0.027,0.58,5674,0,0,0,9.1,0,32.3,39.8,4.3,14,0.036,3305.55569785245,"februari 11, 2016",menno_ter_bals,"februari 11, 2016",menno_ter_bals,,
184,KANGA,378,972,2.6,85,0.192,0.666,0.142,0.648,0.352,0.353,0.184,0.463,0.034,0.595,3113,50,9.3,60.4,7.9,7.4,41.2,35.4,6.1,10.6,0.573,1696.33503759618,"februari 11, 2016",menno_ter_bals,"februari 11, 2016",menno_ter_bals,,
185,SCHARLOO,23,53,2.3,0,0,0,0,0,0,0,0,0,0,0,0,0,0,0,8.7,30.4,29.5,36.4,6.8,15.9,0.351,150.997146279133,"februari 11, 2016",menno_ter_bals,"februari 11, 2016",menno_ter_bals,,
186,KAS CHIKITU,45,118,2.6,97,0.212,0.695,0.093,0.729,0.271,0.271,0.144,0.585,0.034,0.5,2372,0,0,0,86.7,15.6,46.1,24.7,4.5,16.9,0.097,1216.49480948021,"februari 11, 2016",menno_ter_bals,"februari 11, 2016",menno_ter_bals,,
187,BATAVIERWIJK,30,71,2.4,0,0,0,0,0,0,0,0,0,0,0,0,0,0,0,26.7,20,49.1,29.8,5.3,5.3,0.015,4733.33343913158,"februari 11, 2016",menno_ter_bals,"februari 11, 2016",menno_ter_bals,,
188,KATOENTUIN,93,241,2.6,90,0.228,0.697,0.075,0.593,0.407,0.407,0.199,0.394,0.056,0.746,9547,0,4.8,66.7,6.5,0,18.3,53.3,6.7,14.4,0.184,1309.78260614992,"februari 11, 2016",menno_ter_bals,"februari 11, 2016",menno_ter_bals,,
189,COCOWIJK,53,140,2.6,73,0.179,0.679,0.143,0.652,0.348,0.351,0.209,0.44,0.007,0.47,2655,0,0,0,21.2,48.1,38.7,29.7,9.9,9.9,0.033,4242.42426541226,"februari 11, 2016",menno_ter_bals,"februari 11, 2016",menno_ter_bals,,
190,KENT U ZELF,97,284,2.9,76,0.25,0.665,0.085,0.806,0.194,0.194,0.155,0.65,0.032,0.536,3643,0,11.1,67.6,5.2,7.2,34,36.8,5.7,14.6,0.203,1399.01481858129,"februari 11, 2016",menno_ter_bals,"februari 11, 2016",menno_ter_bals,,
191,RUST EN VREDE BIJ BRIEVENGAT,34,96,2.8,0,0,0,0,0,0,0,0,0,0,0,0,0,0,0,5.9,0,32.9,51.9,3.8,8.9,0.039,2461.53841075107,"februari 11, 2016",menno_ter_bals,"februari 11, 2016",menno_ter_bals,,
192,KINTJAN,100,231,2.3,76,0.143,0.636,0.221,0.608,0.392,0.392,0.238,0.37,0.042,0.623,7871,0,11.1,63.6,7.1,3,30.6,45.6,6.2,5.7,0.203,1137.93106722633,"februari 11, 2016",menno_ter_bals,"februari 11, 2016",menno_ter_bals,,
193,NORMANDIE,82,196,2.4,87,0.173,0.689,0.138,0.561,0.439,0.439,0.153,0.408,0.005,0.608,4709,0,12.7,67.9,19.5,22.2,43.4,34.6,10.1,6.3,0.062,3161.29037424627,"februari 11, 2016",menno_ter_bals,"februari 11, 2016",menno_ter_bals,,
194,KIRINDONGO ABOU,567,1768,3,82,0.215,0.714,0.071,0.854,0.146,0.146,0.123,0.731,0.014,0.627,3524,56,19,60.9,16,9.8,50,28.1,3.7,10.7,0.907,1949.28334043617,"februari 11, 2016",menno_ter_bals,"februari 11, 2016",menno_ter_bals,,
195,BELLEVUE,32,65,2,0,0,0,0,0,0,0,0,0,0,0,0,0,0,0,0,6.3,29.3,34.5,5.2,13.8,0.037,1756.75673411657,"februari 11, 2016",menno_ter_bals,"februari 11, 2016",menno_ter_bals,,
196,KLEIN DAVELAAR,44,104,2.4,76,0.183,0.606,0.212,0.548,0.452,0.452,0.327,0.221,0.049,0.447,6948,0,0,0,16.3,2.3,26.5,39.8,9.6,12,0.086,1209.30228451254,"februari 11, 2016",menno_ter_bals,"februari 11, 2016",menno_ter_bals,,
197,KLEIN KWARTIER,216,593,2.7,95,0.219,0.659,0.121,0.723,0.277,0.278,0.2,0.522,0.04,0.689,5524,42,9.2,66.3,9.8,13,31.9,44,4.6,11.3,1.444,410.664818317283,"februari 11, 2016",menno_ter_bals,"februari 11, 2016",menno_ter_bals,,
198,TONI KUNCHI,129,379,2.9,89,0.222,0.654,0.124,0.602,0.398,0.398,0.325,0.277,0.19,0.57,11732,0,1.1,60.7,5.4,0.8,21.7,62.1,4.8,5.2,0.217,1746.54383732931,"februari 11, 2016",menno_ter_bals,"februari 11, 2016",menno_ter_bals,,
199,VIVIR CONTENTO,72,175,2.4,86,0.24,0.577,0.183,0.8,0.2,0.2,0.246,0.554,0,0.759,3237,0,0,0,5.6,11.4,49.6,21.4,6.1,13.7,0.044,3977.27274882399,"februari 11, 2016",menno_ter_bals,"februari 11, 2016",menno_ter_bals,,
200,KLEIN ST. MICHIEL,461,1350,2.9,89,0.251,0.727,0.021,0.87,0.13,0.13,0.183,0.687,0.034,0.667,6879,35,4.9,74.8,55.6,1.1,35.8,45.1,1.3,10.3,1.529,882.929994288246,"februari 11, 2016",menno_ter_bals,"februari 11, 2016",menno_ter_bals,,
201,ROOI INDJAN,29,79,2.7,0,0,0,0,0,0,0,0,0,0,0,0,0,0,0,13.8,6.9,52.9,23.5,7.8,5.9,0.067,1179.10444824115,"februari 11, 2016",menno_ter_bals,"februari 11, 2016",menno_ter_bals,,
202,KOLONCHI,44,98,2.2,0,0,0,0,0,0,0,0,0,0,0,0,0,0,0,4.5,0,25.6,41.5,9.8,9.8,0.068,1441.17639226691,"februari 11, 2016",menno_ter_bals,"februari 11, 2016",menno_ter_bals,,
203,VERGENOEGD,24,74,3.1,0,0,0,0,0,0,0,0,0,0,0,0,0,0,0,4.2,0,39.3,44.3,4.9,8.2,0.058,1275.86210567801,"februari 11, 2016",menno_ter_bals,"februari 11, 2016",menno_ter_bals,,
204,KORAAL PARTIR,346,910,2.6,79,0.227,0.69,0.082,0.721,0.279,0.28,0.202,0.518,0.065,0.629,7493,49,4,74.1,6.1,1.5,26.5,43,2.8,14.2,0.56,1624.9999930816,"februari 11, 2016",menno_ter_bals,"februari 11, 2016",menno_ter_bals,,
205,TRAI SERU,343,884,2.6,81,0.224,0.671,0.105,0.765,0.235,0.236,0.185,0.58,0.038,0.648,6020,48,6.9,63.7,4.1,7.6,41.7,33.7,4.5,14.1,0.729,1212.62007343881,"februari 11, 2016",menno_ter_bals,"februari 11, 2016",menno_ter_bals,,
206,KORAAL SPECHT,883,3064,2.9,74,0.161,0.677,0.163,0.807,0.193,0.195,0.2,0.605,0.064,0.557,3976,47,19.5,48.6,14.9,5.4,52.7,23.9,7.2,9.5,2.654,1154.48377895777,"februari 11, 2016",menno_ter_bals,"februari 11, 2016",menno_ter_bals,,
207,WELGELEGEN BIJ HABAAI,42,111,2.6,68,0.162,0.649,0.189,0.755,0.245,0.245,0.2,0.555,0.029,0.667,8338,0,0,0,59.5,0,27.5,50.5,5.5,6.6,0.048,2312.49997989895,"februari 11, 2016",menno_ter_bals,"februari 11, 2016",menno_ter_bals,,
208,KORPORAAL,208,521,2.5,88,0.173,0.593,0.234,0.681,0.319,0.322,0.283,0.396,0.056,0.661,7771,75,3.3,55.5,1.9,1.5,25.1,51.8,6.6,9.4,0.888,586.71170415047,"februari 11, 2016",menno_ter_bals,"februari 11, 2016",menno_ter_bals,,
209,MONTE BELLO,91,206,2.3,82,0.184,0.602,0.214,0.557,0.443,0.446,0.218,0.337,0.005,0.54,4307,0,0,0,22.2,17.8,42.3,29.4,7.4,13.5,0.043,4790.69751172275,"februari 11, 2016",menno_ter_bals,"februari 11, 2016",menno_ter_bals,,
210,SCHOONEBOOM,22,61,2.8,0,0,0,0,0,0,0,0,0,0,0,0,0,0,0,4.5,18.2,28.3,45.7,2.2,15.2,0.043,1418.60460298586,"februari 11, 2016",menno_ter_bals,"februari 11, 2016",menno_ter_bals,,
211,KUDISHI,12,25,2.1,0,0,0,0,0,0,0,0,0,0,0,0,0,0,0,0,0,4.3,65.2,8.7,13,0.068,367.6470388436,"februari 11, 2016",menno_ter_bals,"februari 11, 2016",menno_ter_bals,,
212,HERST,64,144,2.3,80,0.167,0.618,0.215,0.639,0.361,0.361,0.25,0.389,0.122,0.568,6902,0,0,0,4.7,1.6,30.2,37.1,6,12.9,0.1,1439.99997854233,"februari 11, 2016",menno_ter_bals,"februari 11, 2016",menno_ter_bals,,
213,KUNUKU GRANDI,52,136,2.6,92,0.169,0.735,0.096,0.772,0.228,0.228,0.162,0.61,0.015,0.644,5874,0,0,0,1.9,17.3,49.1,26.8,6.3,8.9,0.098,1387.75513833486,"februari 11, 2016",menno_ter_bals,"februari 11, 2016",menno_ter_bals,,
214,WANAPA,10,27,2.7,0,0,0,0,0,0,0,0,0,0,0,0,0,0,0,10,0,36.4,36.4,4.5,9.1,0.044,613.636366961416,"februari 11, 2016",menno_ter_bals,"februari 11, 2016",menno_ter_bals,,
215,KUSTBATTERIJ,304,829,2.7,74,0.201,0.648,0.151,0.839,0.161,0.162,0.227,0.611,0.018,0.56,3405,24,18.7,52.6,7.2,2.6,54.5,24.4,5.2,6.5,0.205,4043.90247429786,"februari 11, 2016",menno_ter_bals,"februari 11, 2016",menno_ter_bals,,
216,JAN LUIS,97,321,3.3,81,0.224,0.707,0.069,0.737,0.263,0.264,0.164,0.572,0.013,0.565,4040,0,13.8,61,5.2,8.3,37.8,41.2,5.9,13,1.263,254.156767293275,"februari 11, 2016",menno_ter_bals,"februari 11, 2016",menno_ter_bals,,
217,KWARCHI,234,670,2.9,95,0.197,0.681,0.122,0.74,0.26,0.26,0.199,0.54,0.107,0.56,6943,28,7.5,62.3,4.3,3.9,33.3,45.5,5.2,8.6,0.712,941.011219569611,"februari 11, 2016",menno_ter_bals,"februari 11, 2016",menno_ter_bals,,
218,MONTAÑA REY,1287,3569,2.8,80,0.192,0.662,0.146,0.846,0.154,0.155,0.123,0.722,0.027,0.643,4384,38,9.3,60,12.3,6.3,42.2,33.8,5.9,9.9,2.987,1194.84432998792,"februari 11, 2016",menno_ter_bals,"februari 11, 2016",menno_ter_bals,,
219,LA FAMAWIJK,35,88,2.5,0,0,0,0,0,0,0,0,0,0,0,0,0,0,0,20,5.7,46.4,15.9,5.8,18.8,0.06,1466.66669944922,"februari 11, 2016",menno_ter_bals,"februari 11, 2016",menno_ter_bals,,
220,RECOMPENSA,283,782,2.8,80,0.187,0.671,0.142,0.785,0.215,0.217,0.137,0.646,0.034,0.561,5157,32,8.5,57.2,6.4,4.3,42,33.8,5.5,13.5,0.441,1773.24257190655,"februari 11, 2016",menno_ter_bals,"februari 11, 2016",menno_ter_bals,,
221,LABADERA,27,71,2.6,0,0,0,0,0,0,0,0,0,0,0,0,0,0,0,0,0,18.2,60,5.5,9.1,0.045,1577.77771508252,"februari 11, 2016",menno_ter_bals,"februari 11, 2016",menno_ter_bals,,
222,SABANA CRAS,166,450,2.7,89,0.184,0.66,0.156,0.85,0.15,0.15,0.096,0.754,0.035,0.73,4313,37,9.7,53.4,9.7,4.3,42.1,32.2,8.2,13,1.016,442.913371691502,"februari 11, 2016",menno_ter_bals,"februari 11, 2016",menno_ter_bals,,
223,CHRISTOFFEL (geozone),8,40,5,0,0,0,0,0,0,0,0,0,0,0,0,0,0,0,0,0,38.7,48.4,3.2,3.2,3.348,11.9474311253029,"februari 11, 2016",menno_ter_bals,"februari 11, 2016",menno_ter_bals,,
224,SERU GRANDI (Sabana Baka),213,557,2.6,83,0.187,0.686,0.127,0.875,0.125,0.125,0.101,0.774,0.017,0.662,3890,27,10.9,60.9,10.5,9.6,38.3,34.4,6.7,11.5,1.679,331.745082403864,"februari 11, 2016",menno_ter_bals,"februari 11, 2016",menno_ter_bals,,
225,LANG LEVEN (Langule),43,117,2.7,89,0.256,0.692,0.051,0.661,0.339,0.339,0.209,0.452,0.109,0.609,5749,0,0,0,2.4,0,23.2,52.4,2.4,12.2,0.037,3162.16212140983,"februari 11, 2016",menno_ter_bals,"februari 11, 2016",menno_ter_bals,,
226,LIBIE,57,138,2.4,106,0.181,0.667,0.152,0.862,0.138,0.138,0.145,0.717,0.046,0.754,3879,0,0,0,5.3,12.3,32.7,38.2,5.5,10.9,0.086,1604.65110829548,"februari 11, 2016",menno_ter_bals,"februari 11, 2016",menno_ter_bals,,
227,WEST GROOT ST. JORIS,10,26,2.6,0,0,0,0,0,0,0,0,0,0,0,0,0,0,0,10,10,20,60,5,15,5.135,5.06329091355495,"februari 11, 2016",menno_ter_bals,"februari 11, 2016",menno_ter_bals,,
228,LIJSJE,27,70,2.6,0,0,0,0,0,0,0,0,0,0,0,0,0,0,0,0,7.7,50,25,6.7,8.3,0.039,1794.87175783932,"februari 11, 2016",menno_ter_bals,"februari 11, 2016",menno_ter_bals,,
229,AMERIKANENKAMP (Dulce Esperansa),157,394,2.5,74,0.175,0.629,0.195,0.761,0.239,0.239,0.252,0.509,0.051,0.685,4977,0,10.2,57.5,9.6,4.5,37.5,35.9,6,8.9,0.374,1053.47589956395,"februari 11, 2016",menno_ter_bals,"februari 11, 2016",menno_ter_bals,,
230,KORTIJN,28,55,2,0,0,0,0,0,0,0,0,0,0,0,0,0,0,0,29.6,29.6,55.3,19.1,6.4,8.5,0.016,3437.49983672752,"februari 11, 2016",menno_ter_bals,"februari 11, 2016",menno_ter_bals,,
231,LUDUNU,39,110,2.8,83,0.245,0.609,0.145,0.927,0.073,0.073,0.036,0.891,0.029,0.848,4444,0,0,0,25.6,23.1,40,28.8,6.3,17.5,0.081,1358.02468736076,"februari 11, 2016",menno_ter_bals,"februari 11, 2016",menno_ter_bals,,
232,PANAMA,24,59,2.5,0,0,0,0,0,0,0,0,0,0,0,0,0,0,0,37.5,0,38,38,12,2,0.022,2681.81819634989,"februari 11, 2016",menno_ter_bals,"februari 11, 2016",menno_ter_bals,,
233,LUIS PAULA,164,422,2.4,84,0.137,0.749,0.114,0.654,0.346,0.348,0.136,0.516,0.032,0.689,3624,54,9,62.8,8,5.5,48.4,28,5.2,12.4,0.16,2637.50005895272,"februari 11, 2016",menno_ter_bals,"februari 11, 2016",menno_ter_bals,,
234,HULANDA BIJ SERU OTROBANDA,69,189,2.3,76,0.138,0.714,0.148,0.714,0.286,0.289,0.193,0.519,0.038,0.588,3523,0,0,0,32.4,15.2,37.3,28.6,6.8,14.3,0.093,2032.25801632382,"februari 11, 2016",menno_ter_bals,"februari 11, 2016",menno_ter_bals,,
235,MA LOUISA,59,143,2.4,104,0.175,0.699,0.126,0.845,0.155,0.155,0.085,0.761,0.066,0.632,3613,0,0,0,6.8,12.3,31.6,44.7,3.5,11.4,0.121,1181.81818822199,"februari 11, 2016",menno_ter_bals,"februari 11, 2016",menno_ter_bals,,
236,MADURO,43,127,3,84,0.283,0.583,0.134,0.756,0.244,0.244,0.15,0.606,0.008,0.967,3590,0,0,0,23.3,7,26.7,38.9,6.7,12.2,0.113,1123.89382487298,"februari 11, 2016",menno_ter_bals,"februari 11, 2016",menno_ter_bals,,
237,RIF BIJ OTROBANDA,144,288,2,61,0.142,0.663,0.194,0.714,0.286,0.287,0.192,0.521,0.014,0.7,3013,0,13.5,57.1,18.3,3.7,55.3,18.1,5.9,10.5,0.66,436.363619024104,"februari 11, 2016",menno_ter_bals,"februari 11, 2016",menno_ter_bals,,
238,MAHAAI,152,389,2.6,80,0.211,0.612,0.177,0.513,0.487,0.488,0.303,0.209,0.089,0.605,12358,0,5,65.1,7.9,1.3,23.7,53,7.3,6,0.455,854.945030305686,"februari 11, 2016",menno_ter_bals,"februari 11, 2016",menno_ter_bals,,
239,WEIS AFO,44,114,2.6,73,0.149,0.649,0.202,0.465,0.535,0.545,0.241,0.214,0.178,0.542,2917,0,0,0,9.1,4.5,36.8,41.1,4.2,8.4,0.125,912,"februari 11, 2016",menno_ter_bals,"februari 11, 2016",menno_ter_bals,,
240,SAN FUEGO,40,101,2.5,74,0.168,0.653,0.178,0.733,0.267,0.267,0.267,0.465,0,0,6920,0,0,0,7.5,7.5,28.4,43.2,7.4,4.9,0.057,1771.92982363495,"februari 11, 2016",menno_ter_bals,"februari 11, 2016",menno_ter_bals,,
241,MAHUMA,1274,3446,2.7,88,0.18,0.663,0.157,0.809,0.191,0.191,0.142,0.666,0.035,0.658,5125,34,8.2,57.9,10.1,3.5,35.4,40.9,6,10.2,2.484,1387.27860103962,"februari 11, 2016",menno_ter_bals,"februari 11, 2016",menno_ter_bals,,
242,NABIJ VETTER,65,192,3,100,0.245,0.719,0.036,0.786,0.214,0.214,0.224,0.563,0.051,0.573,7084,0,2.8,73.1,7.7,1.5,23.1,43.3,0.7,20.1,0.109,1761.46793229022,"februari 11, 2016",menno_ter_bals,"februari 11, 2016",menno_ter_bals,,
243,MANGUSA,28,60,2.1,0,0,0,0,0,0,0,0,0,0,0,0,0,0,0,14.3,0,23.6,54.5,3.6,7.3,0.052,1153.84613003957,"februari 11, 2016",menno_ter_bals,"februari 11, 2016",menno_ter_bals,,
244,NOORD ZAPATEER,830,2401,2.9,80,0.207,0.704,0.089,0.847,0.153,0.154,0.15,0.697,0.036,0.585,4720,40,13.4,61.9,12.1,4.1,45,33.4,2.6,10.1,1.188,2021.04383269518,"februari 11, 2016",menno_ter_bals,"februari 11, 2016",menno_ter_bals,,
245,MARCHENA,236,584,2.5,79,0.19,0.675,0.135,0.708,0.292,0.292,0.146,0.562,0.026,0.804,3454,27,10.2,62.2,84.7,19.1,47.7,25.2,6.1,14.2,0.359,1626.74095895905,"februari 11, 2016",menno_ter_bals,"februari 11, 2016",menno_ter_bals,,
246,ZUID ABRAHAMSZ,50,152,3,90,0.224,0.724,0.053,0.77,0.23,0.23,0.151,0.618,0.066,0.503,3781,0,0,0,8,12,36,27.2,6.1,24.6,0.151,1006.62256264853,"februari 11, 2016",menno_ter_bals,"februari 11, 2016",menno_ter_bals,,
247,MARIA MAGDALENA,52,150,2.9,76,0.16,0.707,0.133,0.867,0.133,0.134,0.215,0.651,0.076,0.759,3879,0,0,0,23.5,23.1,49.2,30.6,2.4,8.1,0.043,3488.3719745554,"februari 11, 2016",menno_ter_bals,"februari 11, 2016",menno_ter_bals,,
248,NABIJ STA. ROSA,117,304,2.6,89,0.194,0.674,0.132,0.842,0.158,0.158,0.086,0.757,0.02,0.574,5476,0,8.5,62.4,2.6,9.4,44,34.2,7.4,6.6,0.265,1147.16987324678,"februari 11, 2016",menno_ter_bals,"februari 11, 2016",menno_ter_bals,,
249,ZAPATEER ZUID,186,487,2.6,77,0.283,0.69,0.027,0.791,0.209,0.209,0.223,0.568,0.073,0.506,7103,29,6.5,79.9,3.8,0,34.1,42.6,3.2,13.2,0.188,2590.42562061357,"februari 11, 2016",menno_ter_bals,"februari 11, 2016",menno_ter_bals,,
250,MARIE PAMPOEN,547,1319,2.4,82,0.156,0.656,0.188,0.755,0.245,0.246,0.222,0.532,0.032,0.661,4698,42,11.2,53.6,4.1,1.8,44.6,26.6,10,9.5,0.34,3879.41172390042,"februari 11, 2016",menno_ter_bals,"februari 11, 2016",menno_ter_bals,,
251,MATANCIA BIJ GROOT KWARTIER,151,419,2.8,86,0.174,0.635,0.191,0.636,0.364,0.365,0.313,0.322,0.086,0.673,9933,19,3.5,58.4,4.7,3.4,24.9,58.2,3.9,8.3,0.255,1643.1372856278,"februari 11, 2016",menno_ter_bals,"februari 11, 2016",menno_ter_bals,,
252,SALIÑA,151,361,2.4,88,0.186,0.632,0.183,0.627,0.373,0.373,0.245,0.382,0.014,0.691,4000,0,11,65,11.4,2.7,34.4,35.8,7,15.1,0.434,831.797262896938,"februari 11, 2016",menno_ter_bals,"februari 11, 2016",menno_ter_bals,,
253,MINA SCHARBAAI,12,41,3.4,0,0,0,0,0,0,0,0,0,0,0,0,0,0,0,83.3,54.5,45.2,29,9.7,12.9,0.046,891.304346093721,"februari 11, 2016",menno_ter_bals,"februari 11, 2016",menno_ter_bals,,
254,SER'I KANDELA,508,1376,2.7,90,0.233,0.722,0.044,0.636,0.364,0.365,0.171,0.464,0.028,0.59,3951,64,9.7,75,8.9,12.1,39.1,30.6,2.7,17.8,0.608,2263.157967509,"februari 11, 2016",menno_ter_bals,"februari 11, 2016",menno_ter_bals,,
255,MINGUELITO,165,426,2.6,84,0.223,0.669,0.108,0.772,0.228,0.228,0.136,0.635,0.017,0.691,5360,74,8.1,71,8.6,6.7,35.5,39.5,3.7,14.2,0.463,920.086394036137,"februari 11, 2016",menno_ter_bals,"februari 11, 2016",menno_ter_bals,,
256,SOUAX-WEST,526,1516,2.8,90,0.216,0.695,0.089,0.827,0.173,0.174,0.126,0.7,0.016,0.679,4173,41,11.2,65,13.2,13.4,38.4,34.4,5.5,15.5,0.779,1946.08476331561,"februari 11, 2016",menno_ter_bals,"februari 11, 2016",menno_ter_bals,,
257,MIRLA PLATE,59,163,2.8,94,0.19,0.687,0.123,0.82,0.18,0.181,0.138,0.681,0.019,0.906,2933,0,0,0,81.4,16.9,54.8,27.8,4.8,7.9,0.065,2507.69239967392,"februari 11, 2016",menno_ter_bals,"februari 11, 2016",menno_ter_bals,,
258,SOUAX-OOST,517,1418,2.7,93,0.198,0.718,0.084,0.795,0.205,0.206,0.139,0.655,0.023,0.646,4092,49,9.8,63.5,8.2,9.6,38.6,35.9,3.4,15.8,0.789,1797.21171789582,"februari 11, 2016",menno_ter_bals,"februari 11, 2016",menno_ter_bals,,
259,MON REPOS,93,270,2.6,80,0.144,0.693,0.163,0.77,0.23,0.23,0.248,0.522,0.019,0.789,6458,0,7.6,59.3,9.6,6.5,41.3,43.9,3.5,3.5,0.199,1356.78391309583,"februari 11, 2016",menno_ter_bals,"februari 11, 2016",menno_ter_bals,,
260,NIEUW NEDERLAND,124,276,2.2,69,0.203,0.634,0.163,0.609,0.391,0.396,0.278,0.326,0.018,0.662,2802,0,13.4,57.7,17.7,14.6,50.2,25.3,6.9,8.8,0.043,6418.60443318194,"februari 11, 2016",menno_ter_bals,"februari 11, 2016",menno_ter_bals,,
261,MONCHI,179,500,2.8,84,0.214,0.686,0.1,0.835,0.165,0.165,0.117,0.718,0.002,0.601,3614,51,13,60.6,5.6,10.7,42.5,34.4,5.8,9.4,0.279,1792.11460498519,"februari 11, 2016",menno_ter_bals,"februari 11, 2016",menno_ter_bals,,
262,LAGUN,116,321,2.8,86,0.165,0.648,0.187,0.919,0.081,0.082,0.05,0.868,0.006,0.582,3690,0,6.1,55.2,3.9,1.7,42.8,40.1,7.8,5.8,1.228,261.400641924527,"februari 11, 2016",menno_ter_bals,"februari 11, 2016",menno_ter_bals,,
263,MONTAÑA ABOU,1039,2942,2.8,74,0.207,0.713,0.08,0.825,0.175,0.175,0.172,0.652,0.035,0.613,4653,45,13.7,64.8,7.4,3.9,44.8,33.6,4.5,8.9,1.548,1900.51682279516,"februari 11, 2016",menno_ter_bals,"februari 11, 2016",menno_ter_bals,,
264,TERA PRETU (geozone),88,271,3.1,98,0.232,0.613,0.155,0.885,0.115,0.115,0.107,0.778,0.037,0.681,3329,0,20,62.5,1.1,4.6,46.8,39,6.8,4.9,1.01,268.316834216702,"februari 11, 2016",menno_ter_bals,"februari 11, 2016",menno_ter_bals,,
265,FLIP (geozone),190,601,3.2,81,0.185,0.666,0.15,0.914,0.086,0.086,0.057,0.857,0.03,0.616,3435,13,25.1,48,10.2,11.6,44.9,34.8,6.1,8,3.159,190.250083963493,"februari 11, 2016",menno_ter_bals,"februari 11, 2016",menno_ter_bals,,
266,MONTE CARMELO,179,417,2.3,77,0.189,0.664,0.146,0.557,0.443,0.445,0.316,0.238,0.054,0.645,2899,37,8.2,65.1,10.7,16.9,35.3,29.9,10,15.4,0.127,3283.46446213967,"februari 11, 2016",menno_ter_bals,"februari 11, 2016",menno_ter_bals,,
267,LELIENBERG (geozone),370,1101,3,98,0.183,0.639,0.178,0.953,0.047,0.047,0.045,0.907,0.009,0.683,4156,38,9.9,52.6,5.4,8.1,44.2,31.7,9.3,10.1,4.17,264.028772147771,"februari 11, 2016",menno_ter_bals,"februari 11, 2016",menno_ter_bals,,
268,MONTE VERDE,223,591,2.6,78,0.203,0.668,0.129,0.646,0.354,0.357,0.278,0.365,0.011,0.615,3091,37,15.1,61.6,5.8,15.5,48.3,24.6,6.1,14.1,0.083,7120.48219872207,"februari 11, 2016",menno_ter_bals,"februari 11, 2016",menno_ter_bals,,
269,PANNEKOEK (geozone),139,365,2.6,94,0.151,0.658,0.192,0.829,0.171,0.171,0.048,0.782,0.02,0.612,5322,0,10.3,50,0.7,2.9,38.5,42.1,7.4,5.4,1.477,247.122546019871,"februari 11, 2016",menno_ter_bals,"februari 11, 2016",menno_ter_bals,,
270,BARBER,784,2412,3.1,81,0.219,0.633,0.148,0.927,0.073,0.073,0.064,0.863,0.019,0.613,4358,52,10.6,56.3,4.4,4.2,41,38.1,5.9,9.1,9.495,254.0284390807,"februari 11, 2016",menno_ter_bals,"februari 11, 2016",menno_ter_bals,,
271,MUIZENBERG NOBO,467,1266,2.6,81,0.156,0.682,0.162,0.813,0.187,0.188,0.178,0.634,0.021,0.667,5140,31,9.7,52.2,11.4,3.1,36.7,42.7,5.5,8.3,0.778,1627.24936331054,"februari 11, 2016",menno_ter_bals,"februari 11, 2016",menno_ter_bals,,
272,MUNDO NOBO,250,613,2.5,75,0.186,0.659,0.155,0.752,0.248,0.249,0.191,0.56,0.017,0.5,4270,39,8.5,58.9,30,7.6,42.4,31.6,6.3,9.2,0.189,3243.38631907802,"februari 11, 2016",menno_ter_bals,"februari 11, 2016",menno_ter_bals,,
273,SERU FORTUNA,281,826,2.9,83,0.253,0.677,0.07,0.893,0.107,0.107,0.146,0.747,0.029,0.552,3900,42,13.8,69,4.3,4.6,47,30.5,2.5,12.8,0.525,1573.33340478322,"februari 11, 2016",menno_ter_bals,"februari 11, 2016",menno_ter_bals,,
274,GAITU,67,168,2.5,66,0.179,0.524,0.298,0.583,0.417,0.417,0.31,0.274,0.088,0.644,11558,0,0,0,13.4,0,23.7,51.9,12.6,2.2,0.211,796.208547899466,"februari 11, 2016",menno_ter_bals,"februari 11, 2016",menno_ter_bals,,
275,STA. ROSA,582,1683,2.6,83,0.208,0.624,0.168,0.794,0.206,0.207,0.171,0.622,0.024,0.636,4971,66,8.8,61.8,5.2,4.7,37.9,37.9,6.5,8.8,0.77,2185.71433985609,"februari 11, 2016",menno_ter_bals,"februari 11, 2016",menno_ter_bals,,
276,EMMASTAD,252,738,2.6,87,0.195,0.637,0.168,0.59,0.41,0.412,0.262,0.326,0.031,0.601,9602,76,5,60.9,17.3,4.5,32.6,51.2,7.5,3.8,1.225,602.448967866528,"februari 11, 2016",menno_ter_bals,"februari 11, 2016",menno_ter_bals,,
277,NANIE,98,246,2.5,102,0.203,0.614,0.183,0.776,0.224,0.224,0.184,0.592,0.02,0.551,4887,0,7.8,59.2,7.1,7.1,31.8,41.7,8.3,12,0.147,1673.4693891122,"februari 11, 2016",menno_ter_bals,"februari 11, 2016",menno_ter_bals,,
278,ZEEWIJK/PEN,70,182,2.5,74,0.143,0.61,0.247,0.591,0.409,0.411,0.178,0.411,0.139,0.676,8164,0,0,0,6.4,5,35.5,38.8,7.2,8.6,0.134,1358.20892139171,"februari 11, 2016",menno_ter_bals,"februari 11, 2016",menno_ter_bals,,
279,SANS SOUCI,122,269,2.2,66,0.178,0.721,0.1,0.688,0.312,0.312,0.108,0.58,0.027,0.632,2853,0,14.5,62.4,78.7,19,50.7,30.6,5,9.6,0.143,1881.11879330194,"februari 11, 2016",menno_ter_bals,"februari 11, 2016",menno_ter_bals,,
280,ASIENTO (geozone),0,0,0,0,0,0,0,0,0,0,0,0,0,0,0,0,0,0,0,0,0,0,0,0,6.605,0,"februari 11, 2016",menno_ter_bals,"februari 11, 2016",menno_ter_bals,,
281,NOOIT GEDACHT,124,338,2.6,88,0.154,0.598,0.249,0.77,0.23,0.23,0.212,0.558,0.021,0.696,4614,0,11,56.4,9.7,8.9,38.9,38.2,7.1,8.9,0.135,2503.70360421546,"februari 11, 2016",menno_ter_bals,"februari 11, 2016",menno_ter_bals,,
282,NOORWEGEN,139,335,2.3,79,0.122,0.666,0.212,0.68,0.32,0.322,0.22,0.458,0.018,0.626,5262,0,10.2,59.6,13,7.2,34,37.5,11,7.2,0.13,2576.92317144406,"februari 11, 2016",menno_ter_bals,"februari 11, 2016",menno_ter_bals,,
283,NIEUWE HAVEN (geozone),0,0,0,0,0,0,0,0,0,0,0,0,0,0,0,0,0,0,0,0,0,0,0,0,0.683,0,"februari 11, 2016",menno_ter_bals,"februari 11, 2016",menno_ter_bals,,
284,ONVERWACHT,98,250,2.6,81,0.156,0.708,0.136,0.768,0.232,0.232,0.28,0.488,0.021,0.704,4816,0,11.4,62.6,14.3,10.4,39.6,32.4,7.7,12.6,0.138,1811.59424828121,"februari 11, 2016",menno_ter_bals,"februari 11, 2016",menno_ter_bals,,
285,KORAAL TABAK,0,0,0,0,0,0,0,0,0,0,0,0,0,0,0,0,0,0,0,0,0,0,0,0,5.12,0,"februari 11, 2016",menno_ter_bals,"februari 11, 2016",menno_ter_bals,,
286,OUDEWATER,274,779,2.8,94,0.199,0.71,0.091,0.814,0.186,0.187,0.148,0.666,0.035,0.631,5753,60,11.3,60.7,10.6,7,37.5,35.5,4.9,14,0.71,1097.1831317507,"februari 11, 2016",menno_ter_bals,"februari 11, 2016",menno_ter_bals,,
287,PUNDA,0,0,0,0,0,0,0,0,0,0,0,0,0,0,0,0,0,0,0,0,0,0,0,0,0.191,0,"februari 11, 2016",menno_ter_bals,"februari 11, 2016",menno_ter_bals,,
288,NOORDKANT (Rancho),0,0,0,0,0,0,0,0,0,0,0,0,0,0,0,0,0,0,0,0,0,0,0,0,6.23,0,"februari 11, 2016",menno_ter_bals,"februari 11, 2016",menno_ter_bals,,
289,SAN MATEO,76,164,2.2,62,0.116,0.652,0.232,0.627,0.373,0.373,0.224,0.404,0.083,0.592,5267,0,0,0,35.5,17.1,38.8,30.9,7.2,15.1,0.101,1623.76231970057,"februari 11, 2016",menno_ter_bals,"februari 11, 2016",menno_ter_bals,,
290,PAPAYA ABOU,39,122,3.1,74,0.279,0.656,0.066,0.811,0.189,0.19,0.132,0.678,0.009,0.496,3994,0,0,0,5.1,7.7,55.8,24.4,7,7,0.171,713.45027648189,"februari 11, 2016",menno_ter_bals,"februari 11, 2016",menno_ter_bals,,
291,PARADIJS,36,117,3.3,89,0.299,0.59,0.111,0.778,0.222,0.222,0.214,0.564,0.026,0.557,5112,0,0,0,63.9,6.1,36.6,34.1,7.3,17.1,0.107,1093.45793600675,"februari 11, 2016",menno_ter_bals,"februari 11, 2016",menno_ter_bals,,
